year,ntt_wdi,uvi_x_unctad,uvi_m_unctad,ntt_unctad,rca_crude_333,rca_refined_334,rca_residual_335,oilcons_worl_kbd,oilcons_usa_kbd,oilcons_chn_kbd,oilcons_ind_kbd,india_share_world_oil_cons,m_27_usd,m_2709_usd,m_2709_kg,m_2710_usd,m_2710_kg,m_total_usd,x_27_usd,x_2710_usd,x_2710_kg,x_total_usd,x_2709_usd,x_2709_kg,muv,world_gdp_growth,brent,dubai,oil_avg,gl_27,gl_2709,gl_2710,gl_oil_hs4_weighted,gl_oil_hs2_like,uv_imp_crude_usd_t,uv_exp_refined_usd_t,uv_ratio_refined_x_over_crude_m
1960,,,,,,,,,,,,,,,,,,,,,,,,,19.1,,1.6,1.6,1.6,,,,,,,,
1961,,,,,,,,,,,,,,,,,,,,,,,,,19.5,3.91382,1.6,1.6,1.6,,,,,,,,
1962,,,,,,,,,,,,,,,,,,,,,,,,,19.9,5.32119,1.5,1.5,1.5,,,,,,,,
1963,,,,,,,,,,,,,,,,,,,,,,,,,19.5,5.01949,1.5,1.5,1.5,,,,,,,,
1964,,,,,,,,,,,,,,,,,,,,,,,,,19.8,6.62973,1.5,1.5,1.5,,,,,,,,
1965,,,,,,,,,,,,,,,,,,,,,,,,,20,5.63095,1.4,1.4,1.4,,,,,,,,
1966,,,,,,,,,,,,,,,,,,,,,,,,,20.7,5.41889,1.4,1.4,1.4,,,,,,,,
1967,,,,,,,,,,,,,,,,,,,,,,,,,20.9,3.73807,1.3,1.3,1.3,,,,,,,,
1968,,,,,,,,,,,,,,,,,,,,,,,,,20.7,5.94722,1.3,1.3,1.3,,,,,,,,
1969,,,,,,,,,,,,,,,,,,,,,,,,,21.8,5.96131,1.3,1.3,1.3,,,,,,,,
1970,,,,,,,,,,,,,,,,,,,,,,,,,23.2,3.76536,1.2,1.2,1.2,,,,,,,,
1971,,,,,,,,,,,,,,,,,,,,,,,,,24.4,4.10898,1.65,1.65,1.65,,,,,,,,
1972,,,,,,,,,,,,,,,,,,,,,,,,,26.6,5.53776,1.85,1.85,1.85,,,,,,,,
1973,,,,,,,,,17307.7,,,,,,,,,,,,,,,,30.9,6.45773,2.825,2.825,2.825,,,,,,,,
1974,,,,,,,,,16652.7,,,,,,,,,,,,,,,,37.6,1.99191,10.975,10.975,10.975,,,,,,,,
1975,,,,,,,,,16322,,,,,,,,,,,,,,,,41.8,0.814483,10.425,10.425,10.425,,,,,,,,
1976,,,,,,,,,17461.1,,,,,,,,,,,,,,,,42.3,5.2212,11.625,11.625,11.625,,,,,,,,
1977,,,,,,,,,18431.4,,,,,,,,,,,,,,,,45.7,3.94145,12.55,12.55,12.55,,,,,,,,
1978,,,,,,,,,18846.6,,,,,,,,,,,,,,,,53.2,4.13712,12.9333,12.9333,12.9333,,,,,,,,
1979,,,,,,,,,18512.5,,,,,,,,,,,,,,,,59.3,4.14088,32.125,29.8167,30.9833,,,,,,,,
1980,,,,,,,,63137,17055.4,1940,643,0.0101842,,,,,,,,,,,,,65.2,1.81533,37.9,35.85,36.875,,,,,,,,
1981,,,,,,,,60937.9,16057.1,1857,729,0.011963,,,,,,,,,,,,,65.3,1.88817,36.675,34.3,35.4917,,,,,,,,
1982,,,,,,,,59653.6,15295.2,1837,737,0.0123547,,,,,,,,,,,,,63.4,0.4111,33.4167,31.7583,32.65,,,,,,,,
1983,,,,,,,,58887.3,15230.5,1874,773,0.0131268,,,,,,,,,,,,,61.7,2.57688,29.85,28.7333,29.675,,,,,,,,
1984,,,,,,,,59892.3,15725.2,1911,824,0.013758,,,,,,,,,,,,,60.3,4.72812,28.8083,27.4917,28.575,,,,,,,,
1985,,,,,,,,60164.6,15725.9,2024,895,0.0148759,,,,,,,,,,,,,59.7,3.65993,27.3583,26.4833,27.1917,,,,,,,,
1986,,,,,,,,61828.7,16280.1,2057,947,0.0153165,,,,,,,,,,,,,68.7,3.30505,14.8,13.2167,14.3667,,,,,,,,
1987,,,,,,,,63065.3,16664.5,2162,989,0.0156821,,,,,,,,,,,,,75.2,3.75141,18.3583,16.9583,18.1583,,,,,,,,
1988,,,,,,,,64949,17282.7,2315,1084,0.01669,,,,,,,,,,,,,80.1,4.52918,15,13.2417,14.7333,,,,,,,,
1989,,,,,,,,66046.8,17324.6,2416,1150,0.0174119,,,,,,,,,,,,,79.6,3.63824,18.2417,15.725,17.85,,,,,,,,
1990,,,,,,,,66635.2,16988,2327,1169,0.0175433,,,,,,,,,,,,,82.7,2.70836,23.7083,20.4833,22.8917,,,,,,,,
1991,,,,,,,,66897.8,16713.3,2431,1192,0.0178182,,,,,,,,,,,,,81.9,1.22518,20.0917,16.5917,19.3917,,,,,,,,
1992,,,,,,,,67153.7,17032.5,2694,1274,0.0189714,,,,,,,,,,,,,83.4,2.06322,19.3417,17.2,19.025,,,,,,,,
1993,,,,,,,,66958.5,17236.7,2993,1312,0.0195942,,,,,,,,,,,,,86.3,1.85803,17.0417,14.9583,16.85,,,,,,,,
1994,,,,,,,,68349.6,17718.1,3193,1414,0.0206878,,,,,,,,,,,,,83.7,3.41623,15.85,14.6917,15.8917,,,,,,,,
1995,,,,,,0.7754,0.2765,69763.5,17724.6,3394,1574,0.0225619,,,,,,,,,,,,,91.9,3.17807,17.0833,16.125,17.175,,,,,,,,
1996,,,,,,0.6708,0.1851,71835.1,18309.1,3797,1681,0.0234008,,,,,,,,,,,,,90.2,3.58623,20.65,18.5667,20.425,,,,,,,,
1997,,,,,0,0.4902,0.1851,73047.7,18620.3,3636.5,1766,0.024176,,,,,,,,,,,,,85.9,3.99679,19.1,18.1167,19.1667,,,,,,,,
1998,,,,,,0.1734,0.2849,73865.8,18917.2,4118,1758,0.0237999,,,,,,,,,,,,,82.2,2.78125,12.7333,12.1333,13.0667,,,,,,,,
1999,,,,,,0.057,0.4211,75485,19519.3,4359,1960,0.0259654,,,,,,,,,,,,,80.6,3.57857,17.8167,17.175,18.0917,,,,,,,,
2000,,,,,,1.2644,0.4349,77009.3,19701,4688.53,2178.34,0.0282867,1.9342e+10,1.57292e+10,8.05565e+10,1.8109e+09,1.41734e+10,5.29403e+10,1.44265e+09,1.37564e+09,5.44308e+09,4.23581e+10,,,79.6,4.5672,28.2583,26.0833,28.2333,0.138819,0,0.863405,0.145449,0.145449,195.256,252.731,1.29436
2001,,,,,0,1.9842,0.4145,77724.7,19648.7,4814.3,2172,0.0279447,1.57724e+10,1.28652e+10,7.5971e+10,1.0825e+09,5.038e+09,5.06711e+10,2.14782e+09,2.06374e+09,1.02905e+10,4.38785e+10,43959,5e+07,76.6,2.02994,24.4083,22.7,24.3417,0.23971,6.83378e-06,0.688121,0.135221,0.257789,169.343,200.549,1.18427
2002,,,,,0,1.963,1.0411,78612.5,19761.3,5211.51,2256.18,0.0287,1.79156e+10,1.45589e+10,8.3427e+10,1.47804e+09,6.668e+09,5.74535e+10,2.32849e+09,2.17373e+09,9.5569e+09,5.0098e+10,40257,198000,75.7,2.31892,24.9667,23.725,24.9333,0.230042,5.5302e-06,0.809493,0.162331,0.238735,174.511,227.452,1.30337
2003,,,,,0.0075,2.338,1.5898,80252.6,20033.6,5786.18,2355.91,0.0293563,2.17903e+10,1.80764e+10,8.9906e+10,1.53815e+09,4.74656e+09,7.24305e+10,3.62251e+09,3.35431e+09,1.23338e+10,5.93607e+10,2.31383e+07,1.00979e+08,79.6,3.07416,28.8333,26.7417,28.9167,0.285093,0.00255679,0.628785,0.135812,0.293793,201.059,271.96,1.35264
2004,,,,,0.006,2.8115,0.5158,83415.6,20731.1,6802.69,2476.34,0.0296868,3.11639e+10,2.45871e+10,9.6583e+10,2.71302e+09,6.36465e+09,9.89811e+10,6.12515e+09,5.91525e+09,1.7443e+10,7.59042e+10,2.64431e+07,7.6453e+07,85,4.49538,38.3083,33.475,37.7333,0.328523,0.00214866,0.628868,0.16482,0.357483,254.57,339.118,1.33212
2005,85.9,81.2809,94.661,85.8653,0.0022,2.7866,1.3413,84678.8,20802.2,6970.26,2465.44,0.0291151,4.63222e+10,3.47925e+10,9.627e+10,5.1607e+09,1.21068e+10,1.40862e+11,1.04985e+10,1.00966e+10,2.18091e+10,1.00353e+11,1.57101e+07,2.9969e+07,87.7,4.05915,54.4417,49.2917,53.3833,0.36953,0.000902669,0.67649,0.206786,0.403963,361.405,462.952,1.28098
2006,83.8,88.9214,106.115,83.7972,0.0084,3.6935,1.2304,85795.3,20687.4,7493.35,2654,0.0309341,6.1432e+10,4.75875e+10,1.06654e+11,6.15618e+09,1.0502e+10,1.78212e+11,1.80046e+10,1.74014e+10,3.19053e+10,1.21201e+11,7.92696e+07,2.07766e+08,89.9,4.48914,65.4,61.4333,64.2917,0.453308,0.00332599,0.52265,0.175093,0.490861,446.188,545.407,1.22237
2007,79.8,95.6794,119.91,79.7927,0.0025,4.0618,1.9487,87473.3,20680.4,7923.26,2853.35,0.0326197,7.32495e+10,5.40595e+10,1.10697e+11,8.61807e+09,1.33768e+10,2.18645e+11,2.36224e+10,2.28462e+10,3.74601e+10,1.45898e+11,2.89988e+07,3.2892e+07,95.4,4.43123,72.7,68.375,71.125,0.487704,0.00107227,0.547801,0.202146,0.534762,488.357,609.879,1.24884
2008,79.8,106.108,132.98,79.7927,0.0021,3.5637,2.0546,86894.2,19498,8041.34,2949.98,0.0339491,1.1588e+11,8.65825e+10,1.25784e+11,1.21335e+10,1.41634e+10,3.15712e+11,3.28684e+10,3.15588e+10,3.86335e+10,1.81861e+11,3.54557e+07,5.7482e+07,102.8,2.0916,97.625,93.7833,96.9917,0.441932,0.000818667,0.555407,0.186769,0.484908,688.345,816.876,1.18672
2009,92.9,95.4976,102.794,92.9023,0.0002,3.2945,1.4869,86072.2,18771.4,8497.27,3019.29,0.0350785,8.26618e+10,6.48995e+10,1.48583e+11,4.56323e+09,9.21003e+09,2.66402e+11,2.40217e+10,2.3226e+10,4.42231e+10,1.76765e+11,2.12439e+06,5.48858e+06,96.5,-1.33304,61.85,61.7583,61.7583,0.450336,6.5465e-05,0.328417,0.0985071,0.501195,436.789,525.2,1.20241
2010,91.4,104.283,114.101,91.3957,0.0011,3.7016,1.6225,88850.4,19177.5,9181.54,3141.97,0.0353624,1.10841e+11,8.8611e+10,1.55584e+11,5.78497e+09,1.03633e+11,3.50029e+11,3.79841e+10,3.66413e+10,,2.20408e+11,1.94411e+07,4.53006e+07,100,4.52085,79.6417,78.075,79.0333,0.510454,0.000438701,0.272707,0.0885785,0.559464,569.538,,
2011,88,121.386,137.948,87.9939,0.0006,3.4217,1.4121,89605.8,18895.5,9686.15,3221,0.0359463,1.57356e+11,1.22126e+11,1.57841e+11,7.35327e+09,7.66258e+09,4.62403e+11,5.65568e+10,5.46111e+10,6.20919e+10,3.01483e+11,1.55012e+07,2.08924e+07,111,3.31432,110.958,106.05,103.992,0.528783,0.000253825,0.237339,0.0800495,0.593427,773.727,879.521,1.13673
2012,88.1,121.143,137.534,88.0822,0,3.2844,1.3759,90923.3,18482.4,10170.8,3398,0.0373722,1.85696e+11,1.48757e+11,1.87311e+11,5.17238e+09,5.33207e+09,4.88976e+11,5.43809e+10,5.27639e+10,5.88846e+10,2.89565e+11,14663,36000,110.2,2.74743,111.967,108.908,105.025,0.453029,1.9714e-07,0.178554,0.050049,0.510553,794.171,896.056,1.12829
2013,90.4,118.478,131.07,90.3928,0,3.6182,2.0875,92497,18966.5,10780.6,3423,0.0370066,1.84194e+11,1.48047e+11,1.93316e+11,4.41944e+09,4.67782e+09,4.66046e+11,6.95713e+10,6.70752e+10,,3.36611e+11,13776,8000,109.8,2.88975,108.858,105.442,104.083,0.548312,1.86103e-07,0.12363,0.0402608,0.611049,765.825,,
2014,91.7,115.594,126.004,91.7388,0,3.7109,1.2356,94059.1,19100.5,11417.9,3550,0.0377422,1.76949e+11,1.35826e+11,1.89407e+11,4.20314e+09,4.49404e+09,4.59369e+11,6.23485e+10,6.08386e+10,6.94595e+10,3.17545e+11,561674,1.68115e+06,108.3,3.16849,98.9333,96.6583,96.2417,0.521096,8.27045e-06,0.129244,0.0418552,0.605761,717.111,875.886,1.22141
2015,100,100,100,100,,3.0225,0.8255,95860.2,19531.6,11958,3848,0.0401418,1.04646e+11,7.23217e+10,1.96096e+11,3.98602e+09,6.65351e+09,3.90745e+11,3.13937e+10,3.0455e+10,5.85308e+10,2.64381e+11,,,97.9,3.12721,52.3667,51.1917,50.75,0.461539,0,0.231469,0.0746706,0.570517,368.807,520.324,1.41083
2016,105,96.8391,92.1846,105.049,,3.1381,0.8628,97248.3,19691.9,12555.1,4233,0.0435277,8.93088e+10,6.08691e+10,2.12765e+11,3.68579e+09,8.39303e+09,3.56705e+11,2.77154e+10,2.6951e+10,,2.60327e+11,,,94,2.78974,44.05,41.2,42.8083,0.47367,0,0.240612,0.0805584,0.589055,286.086,,
2017,100.4,101.242,100.797,100.442,,3.1454,0.8039,99608.7,19951.9,13361.1,4531.2,0.04549,1.23108e+11,8.21019e+10,2.1649e+11,3.83447e+09,6.91346e+09,4.44052e+11,3.58737e+10,3.48497e+10,6.67714e+10,2.94364e+11,,,97.3,3.44659,54.4083,53.125,52.8167,0.451293,0,0.198245,0.0634919,0.577048,379.242,521.926,1.37624
2018,95.6,104.762,109.64,95.5503,0,3.4616,0.9216,100080,20511.6,13436.3,4765.46,0.0476165,1.68786e+11,1.14708e+11,2.25556e+11,5.67773e+09,8.4226e+09,5.07616e+11,4.85936e+10,4.7083e+10,7.20627e+10,3.22492e+11,175.991,362.217,101.9,3.28663,71.0833,69.15,68.3583,0.447085,3.0685e-09,0.215225,0.0678063,0.562289,508.557,653.362,1.28474
2019,97.9,101.517,103.675,97.9188,,3.3144,1.0355,100734,20542.9,13975,4920.12,0.0488426,1.52672e+11,1.01949e+11,2.20115e+11,6.6844e+09,1.15868e+10,4.78884e+11,4.45327e+10,4.25601e+10,7.24306e+10,3.23251e+11,,,99.5,2.68031,64.0333,63.175,61.4167,0.451639,0,0.271478,0.088422,0.56299,463.161,587.599,1.26867
2020,103.1,97.5877,94.6377,103.117,,3.456,0.9761,91410.9,18185.9,13975.3,4556.2,0.0498431,1.04358e+11,6.45797e+10,1.96915e+11,5.87996e+09,1.47424e+10,3.6798e+11,2.76344e+10,2.61747e+10,6.01134e+10,2.75489e+11,,,97.9,-2.88621,42.3,42.175,41.25,0.418725,0,0.366871,0.121695,0.541726,327.958,435.422,1.32767
2021,91,114.248,125.479,91.0491,,3.9642,0.6564,97447.4,19889.9,15289.8,4726.16,0.0484996,1.70399e+11,1.06407e+11,2.13828e+11,9.7262e+09,1.72648e+10,5.70402e+11,5.64006e+10,5.40371e+10,8.8285e+10,3.94814e+11,,,109.4,6.48509,70.4583,68.825,69.0833,0.497362,0,0.305072,0.114312,0.635095,497.627,612.075,1.22999
2022,81.4,129.927,159.599,81.4083,,4.2816,1.5117,99757,20010.2,15231.4,5131.33,0.0514383,2.77238e+11,1.73516e+11,2.43308e+11,1.48152e+10,2.19676e+10,7.32566e+11,9.84723e+10,9.43987e+10,9.47506e+10,4.52684e+11,,,117.5,3.44001,99.8333,97.05,97.1,0.524192,0,0.271306,0.104801,0.667766,713.152,996.286,1.39702
2023,87.5,120.676,137.859,87.5353,,4.4779,1.6221,101504,20275,15980.8,5383.85,0.0530409,2.20594e+11,1.40386e+11,2.35258e+11,1.15979e+10,,6.7214e+11,8.9331e+10,8.49633e+10,1.03723e+11,4.31412e+11,,,114.1,2.85938,82.625,81.9833,80.7667,0.576469,0,0.240218,0.097894,0.717149,596.734,819.139,1.3727
2024,91.3,119.654,131.105,91.2656,,3.9346,2.4731,103110,20463.7,16370.5,5598.89,0.0543001,2.17945e+11,1.41532e+11,2.4175e+11,8.64132e+09,1.39329e+10,6.97745e+11,7.42673e+10,6.91925e+10,9.59336e+10,4.34435e+11,,,115.1,2.90001,80.7083,79.6667,78.725,0.508311,0,0.222045,0.0787844,0.63084,585.449,721.254,1.23197
2025,,117.261,126.779,92.4926,,4.368,1.6482,,20736.1,,,,2.09102e+11,1.3886e+11,2.62977e+11,9.77557e+09,,7.52731e+11,5.86163e+10,5.56963e+10,8.27763e+10,4.4577e+11,,,116.1,2.92127,69.05,68.35,67.4167,0.437896,0,0.298619,0.0956831,0.545155,528.032,672.854,1.27427
2026,,,,,,,,,,,,,,,,,,,,,,,,,,,94,82.1111,86.6444,,,,,,,,
