fy,fy_label,tot_gs_na,px_gs_defl,pm_gs_defl,gdp_usd,india_gdp_growth,uvi_x_rbi_1978,uvi_m_rbi_1978,ntt_rbi_1978,ntt_rbi_pub_1978,uvi_x_rbi_1999,uvi_m_rbi_1999,ntt_rbi_1999,ntt_rbi_pub_1999,uvi_x_rbi_2012,uvi_m_rbi_2012,ntt_rbi_2012,ntt_rbi_pub_2012,ntt_rbi_chained,x_oil_usdm,x_nonoil_usdm,x_total_usdm,m_oil_usdm,m_nonoil_usdm,m_total_usdm,tb_oil_usdm,tb_nonoil_usdm,tb_total_usdm,crude_prod_mmt,pol_prod_mmt,crude_imp_mmt,pol_imp_mmt,inr_usd_avg,inr_usd_end,reer40_rbi_fy,s_x_oil,s_m_oil,benchmark_elasticity,net_oil_imports_pct_gdp,brent,dubai,oil_avg,gold,wb_nonenergy_idx,reer_bis,world_ip,kanzig_news_shock_fysum,bh_supply_fysum,bh_activity_fysum,bh_consumption_demand_fysum,bh_inventory_demand_fysum,icb_ppac,muv_fy,real_brent,real_oil_avg,real_nonenergy,real_gold
1960,1960-61,,2.32659,2.00633,3.70299e+10,,,,,,,,,,,,,,,,,,,,,,,,,,,,,,,,,,,1.6,1.6,1.6,35,18.4333,,14.8414,,,,,,,19.2,8.33333,8.33333,96.0069,182.292
1961,1961-62,,2.38128,2.05348,3.92324e+10,3.72274,,,,,,,,,,,,,,,,,,,,,,,,,,,,,,,,,,1.575,1.575,1.575,35,18.425,,15.8101,,,,,,,19.6,8.03571,8.03571,94.0051,178.571
1962,1962-63,,2.49347,2.15024,4.21615e+10,2.93113,,,,,,,,,,,,,,,,,,,,,,,,,,,,,,,,,,1.5,1.5,1.5,35,18.3667,,16.6973,,,,,,,19.8,7.57576,7.57576,92.7609,176.768
1963,1963-64,,2.71238,2.33901,4.84219e+10,5.99435,,,,,,,,,,,,,,,,,,,,,,,,,,,,,,,,,,1.5,1.5,1.5,35,19.5333,,17.9619,,,,,,,19.575,7.66284,7.66284,99.7871,178.799
1964,1964-65,,2.94541,2.53996,5.64803e+10,7.45295,,,,,,,,,,,,,,,,,,,,,,,,,,,,,,,,,,1.475,1.475,1.475,35,20.1667,,19.2315,,,,,,,19.85,7.43073,7.43073,101.595,176.322
1965,1965-66,,3.20109,2.76044,5.95561e+10,-2.63577,,,,,,,,,,,,,,,,,,,,,,,,,,,,,,,,,,1.4,1.4,1.4,35,20.6833,,20.569,,,,,,,20.175,6.93928,6.93928,102.52,173.482
1966,1966-67,,3.60683,3.11034,4.55812e+10,-0.0553288,,,,,,,,,,,,,,,,,,,,,,,,,,,,,,,,,,1.375,1.375,1.375,35,20.8917,,21.8625,,,,,,,20.75,6.62651,6.62651,100.683,168.675
1967,1967-68,,3.91969,3.38013,5.01349e+10,7.82596,,,,,,,,,,,,,,,,,,,,,,,,,,,,,,,,,,1.3,1.3,1.3,35.3333,20.5,,22.7077,,,,,,,20.85,6.23501,6.23501,98.3213,169.464
1968,1968-69,,4.02841,3.47388,5.30855e+10,3.38793,,,,,,,,,,,,,,,,,,,,,,,,,,,,,,,,,,1.3,1.3,1.3,40.5,19.8333,,24.4425,,,,,,,20.975,6.19785,6.19785,94.557,193.087
1969,1969-70,,4.15912,3.5866,5.8448e+10,6.5397,,,,,,,,,,,,,,,,,,,,,,,,,,,,,,,,,,1.275,1.275,1.275,39,21.5,,26.0997,,,,,,,22.15,5.75621,5.75621,97.0655,176.072
1970,1970-71,110.016,3.43913,3.12603,6.24225e+10,5.15723,,,,,,,,,,,,,,,,,,,,,,,,,,,,,,,,,,1.3,1.3,1.3,36.75,21.9,,26.6053,,,,,,,23.5,5.53191,5.53191,93.1915,156.383
1971,1971-72,120.728,3.53208,2.92564,6.73514e+10,1.64293,,,,,,,,,,,,,,,,,,,,,,,,,,,,,,,,,,1.7,1.7,1.7,43.0833,21.7667,,27.3705,,,,,,,24.95,6.81363,6.81363,87.2411,172.679
1972,1972-73,129.695,3.95035,3.04588,7.14647e+10,-0.553301,,,,,,,,,,,,,,,,,,,,,,,,,,,,,,,,,,1.925,1.925,1.925,64.9167,24.1833,,29.7215,,,,,,,27.675,6.95574,6.95574,87.3833,234.568
1973,1973-74,109.579,4.7869,4.36843,8.55177e+10,3.29552,,,,,,,,,,,,,,,,,,,,,,,,,,,,,,,,,,5.55,5.55,5.55,116,39.6,,31.9235,,,,,,,32.575,17.0376,17.0376,121.566,356.101
1974,1974-75,79.5702,5.99524,7.53454,9.95266e+10,1.18534,,,,,,,,,,,,,,,,,,,,,,,,,,,,,,,,,,10.325,10.325,10.325,166.5,46.2,,30.8698,,,,,,,38.65,26.7141,26.7141,119.534,430.789
1975,1975-76,73.2674,6.45999,8.81701,9.84738e+10,9.14991,,,,,,,,,,,,,,,,,,,,,,,,,,,,,,,,,,10.7,10.7,10.7,149.333,37.3667,,29.5276,-3.1453,11.1956,3.57702,11.332,-2.60737,,41.925,25.5218,25.5218,89.1274,356.192
1976,1976-77,80.1985,6.87826,8.57655,1.02716e+11,1.6631,,,,,,,,,,,,,,,,,,,,,,,,,,,,,,,,,,11.875,11.875,11.875,126.583,43.2583,,31.9117,-1.01869,8.95638,1.0908,8.77222,0.296622,,43.15,27.5203,27.5203,100.251,293.357
1977,1977-78,98.717,7.71481,7.81508,1.21487e+11,7.25476,,,,,,,,,,,,,,,,,,,,,,,,,,,,,,,,,,12.6,12.6,12.6,157.583,45.9583,,32.9414,-0.317333,-3.52266,-0.736528,-16.1987,6.08981,,47.575,26.4845,26.4845,96.6019,331.231
1978,1978-79,86.1885,7.66834,8.89716,1.37302e+11,5.71253,,,,,,,,,,,,,,,,,,,,,,,,,,,,,,,,,,15.1167,14.4417,14.7833,208.167,48.3333,,34.5981,-0.992392,3.38366,1.69955,-1.18574,1.31374,,54.725,27.623,27.0139,88.3204,380.387
1979,1979-80,79.753,8.08661,10.1396,1.52995e+11,-5.23818,,,,,,,,,,,,,,,,,,,,,,,,,,,,,,,,,,36.5,34.2833,35.4,405,57.45,,36.0493,6.32917,-3.86419,0.0957142,7.90756,8.18603,,60.775,60.0576,58.2476,94.529,666.392
1980,1980-81,69.6555,8.31898,11.943,1.86329e+11,6.73582,,,,,,,,,,,,,,,,,,,,,,,,,,,,,,,,,,37.9417,36.1333,37.0417,579.667,59,,35.6698,-1.06071,-6.82141,-2.43375,-13.5841,4.47699,,65.225,58.1704,56.7906,90.4561,888.719
1981,1981-82,80.5843,9.52733,11.8228,1.93491e+11,6.0062,,,,,,,,,,,,,,,,,,,,,,,,,,,,,,,,,,34.9583,32.6167,34.0083,420.75,50.1917,,35.8436,-0.508134,-4.30764,-1.51784,-28.6698,8.40717,,64.825,53.9272,52.4618,77.4264,649.055
1982,1982-83,83.4319,10.1315,12.1434,2.00716e+11,3.47573,,,,,,,,,,,,,,,,,,,,,,,,,,,,,,,,,,32.7083,31.2667,31.8667,401.083,43.7583,,34.8291,3.06512,4.91665,-3.47005,-2.39808,2.26377,,62.975,51.9386,50.6021,69.4852,636.893
1983,1983-84,103.909,11.6187,11.1816,2.18262e+11,7.28889,,,,,,,,,,,,,,,,,,,,,,,,,,,,,,,,,,29.9667,28.4,29.6417,402.5,51.275,,36.1642,1.49899,10.4117,2.27596,-1.64738,4.23005,,61.35,48.8454,48.3157,83.5778,656.072
1984,1984-85,90.7675,13.0594,14.3878,2.12158e+11,3.82074,,,,,,,,,,,,,,,,,,,,,,,,,,,,,,,,,,28.2833,27.3833,28.1083,340.917,47.8083,,38.2391,0.0345625,-1.01148,1.21942,-19.3482,6.26673,,60.15,47.0213,46.7304,79.4819,566.778
1985,1985-86,93.2314,13.1524,14.1072,2.32512e+11,5.2543,,,,,,,,,,,,,,,,,,,,,,,,,,,,,,,,,,25.1917,23.975,24.7917,327.667,42.3417,,39.4122,-3.33967,7.3535,-0.320076,-15.8394,-0.377549,,61.95,40.6645,40.0188,68.3481,528.921
1986,1986-87,111.459,13.803,12.3839,2.48986e+11,4.77656,,,,,,,,,,,,,,,,,,,,,,,,,,,12.7782,12.8882,,,,,,14.4917,13.1417,14.3583,383.25,40.3833,,40.1894,0.996883,-2.89345,-1.50583,0.628856,-1.01196,,70.325,20.6067,20.4171,57.4239,544.97
1987,1987-88,105.51,15.0113,14.2274,2.79034e+11,3.96536,,,,,,,,,,,,,,500.4,11588.1,12088.5,3118.1,14037.6,17155.7,-2617.7,-2449.5,-5067.2,,,,,12.9658,13.0318,,0.0413947,0.181753,-0.140358,0.938131,17.85,16.3833,17.6583,458.5,47.425,,42.2375,0.164956,7.73753,3.13918,-6.40403,2.65002,,76.425,23.3562,23.1054,62.0543,599.935
1988,1988-89,108.082,17.8463,16.5119,2.9659e+11,9.62778,,,,,,,,,,,,,,348.7,13621.7,13970.4,3009,16488.2,19497.2,-2660.3,-2866.5,-5526.8,,,,,14.4817,15.663,,0.0249599,0.15433,-0.12937,0.896963,15.4083,13.3417,15.0417,422,57.3083,,44.308,-1.05127,-2.7656,-0.479295,5.48073,-3.01174,,79.975,19.2664,18.808,71.6578,527.665
1989,1989-90,104.755,21.2854,20.3192,2.96042e+11,5.94734,,,,,,,,,,,,,,418.4,16194.1,16612.5,3767.5,17451.7,21219.2,-3349.1,-1257.6,-4606.7,,,,,16.6492,17.3248,,0.0251859,0.177551,-0.152366,1.13129,18.825,16.1417,18.4583,384.583,53.025,,45.5797,1.61443,6.51135,-0.104106,-3.05101,8.22759,,80.375,23.4215,22.9653,65.972,478.486
1990,1990-91,94.4882,22.4938,23.8059,3.20979e+11,5.53345,,,,,,,,,,,,,,522.7,17622.5,18145.2,6028.1,18044.4,24072.5,-5505.4,-421.9,-5927.3,32,100,74,9,17.9428,19.6429,,0.0288065,0.250414,-0.221608,1.71519,23.975,20.375,22.9417,374.417,51.1083,,46.3309,0.588053,-5.38919,-1.80806,0.734547,-3.45327,,82.5,29.0606,27.8081,61.9495,453.838
1991,1991-92,103.285,28.3961,27.493,2.70105e+11,1.05683,,,,,,,,,,,,,,414.7,17450.7,17865.4,5324.8,14085.7,19410.5,-4910.1,3365,-1545.1,32,104,79,7,24.4737,31.2256,,0.0232125,0.274326,-0.251113,1.81785,19.3667,16.425,18.8667,357.333,48.35,,46.4657,-1.1132,0.527972,-0.675064,0.241823,-4.17246,,82.275,23.5389,22.9312,58.7663,434.316
1992,1992-93,109.967,32.3929,29.4568,2.88208e+11,5.4824,,,,,,,,,,,,,,476.2,18061,18537.2,6100,15781.6,21881.6,-5623.8,2279.4,-3344.4,33,109,82,7,30.6488,31.2354,,0.0256889,0.278773,-0.253084,1.9513,19.4083,17.2583,19.1417,338.333,47.625,,46.6898,1.7605,0.148077,-1.42281,2.51796,0.655818,,84.125,23.0708,22.7538,56.6122,402.179
1993,1993-94,125.227,36.4362,29.0961,2.79296e+11,4.75078,,,,,,,,,,,,,,397.8,21840.5,22238.3,5753.5,17552.7,23306.2,-5355.7,4287.8,-1067.9,33,118,90,8,31.3655,31.3725,,0.0178881,0.246866,-0.228978,1.91757,15.9917,14.1917,15.8167,373.417,49.3333,,47.3894,-1.88218,3.78408,-0.102367,-8.61028,-1.41665,,85.65,18.6709,18.4666,57.5988,435.98
1994,1994-95,131.564,38.0164,28.8957,3.27275e+11,6.65892,494.6,324.6,152.372,152.4,,,,,,,,,113.522,416.9,25913.6,26330.5,5927.8,22726.5,28654.3,-5510.9,3187.1,-2323.8,34,123,96,9,31.3986,31.495,,0.0158333,0.206873,-0.19104,1.68388,16.5667,15.6,16.7333,382.667,57.1667,93.1583,49.9048,-0.325504,-4.01154,0.853259,-1.1532,0.785896,,85.75,19.3197,19.5141,66.6667,446.259
1995,1995-96,119.238,37.2263,31.2202,3.60282e+11,7.57449,484.2,351,137.949,137.9,,,,,,,,,102.776,453.7,31341.2,31794.9,7525.8,29149.5,36675.3,-7072.1,2191.7,-4880.4,32,125,99,13,33.4498,34.35,,0.0142696,0.205201,-0.190931,1.96294,17.5167,16.175,17.45,389.333,59.2417,87.94,51.6369,0.712128,-1.1008,-0.120698,7.19285,-0.502273,,91.475,19.1491,19.0763,64.7627,425.617
1996,1996-97,109.164,38.8064,35.5486,3.92897e+11,7.54952,504.7,399.8,126.238,126.2,,,,,,,,,94.0516,481.8,32987.9,33469.7,10036.2,29096.2,39132.4,-9554.4,3891.7,-5662.7,32,141,112,18,35.4999,35.915,,0.0143951,0.256468,-0.242073,2.43178,21.2833,19.25,21.0917,375.417,58.5167,87.1033,53.5661,-1.07102,0.773181,1.88287,-4.56327,0.699366,,89.125,23.8803,23.6653,65.6568,421.225
1997,1997-98,126.046,45.3129,35.9494,4.15868e+11,4.04982,589.4,404.2,145.819,145.8,,,,,,,,,108.64,352.8,34653.7,35006.5,8164,33320.5,41484.5,-7811.2,1333.2,-6478,32,150,122,22,37.1648,39.495,,0.0100781,0.196796,-0.186718,1.87829,17.3333,16.3917,17.4417,316.833,55.2667,91.5717,56.255,-3.8622,5.28175,0.306237,-7.27928,-3.89813,,84.975,20.3982,20.5256,65.0387,372.855
1998,1998-99,129.673,47.0325,36.27,4.21351e+11,6.18442,611.7,407.8,150,150,,,,,,,,,111.755,89.4,33129.3,33218.7,6398.6,35990.1,42388.7,-6309.2,-2860.8,-9170,33,68,40,24,42.0706,42.435,,0.00269126,0.150951,-0.148259,1.49737,12.025,11.8,12.5,292.25,47.375,87.015,56.8489,-1.24397,-1.92881,-1.24465,-3.25567,-0.0141926,,81.8,14.7005,15.2812,57.9156,357.274
1999,1999-00,115.963,46.4748,40.0773,4.58821e+11,8.84576,604,450,134.222,134.2,100,100,100,100,,,,,100,38.9,36783.5,36822.4,12611.4,37059.3,49670.7,-12572.5,-275.8,-12848.3,32,83,58,17,43.3327,43.605,,0.00105642,0.2539,-0.252844,2.74018,21.7167,20.4917,21.8083,279.583,44.8667,87.4508,59.1421,2.3051,-12.4057,1.27274,12.7568,0.383031,,80.35,27.0276,27.1417,55.839,347.957
2000,2000-01,111.975,48.0457,42.9077,4.68396e+11,3.84099,624,487,128.131,128.1,102,109,93.578,93.6,,,,,93.578,1872.9,42638.1,44511,15663.6,34890.8,50554.4,-13790.7,7747.2,-6043.4,32,100,74,9,45.6844,46.64,,0.0420772,0.309837,-0.267759,2.94424,27.9917,25.8917,28.0833,272.333,44.4833,91.8317,62.3496,-0.790266,2.40055,-0.198625,-2.15011,-1.193,,78.85,35.4999,35.6161,56.4151,345.382
2001,2001-02,110.504,48.1526,43.5756,4.8544e+11,4.82397,618,493,125.355,125.4,103,112,91.9643,92,,,,,91.9643,2117,41680.2,43797.2,14016.4,37412.2,51428.5,-11899.4,4268.1,-7631.3,32,104,79,7,47.6919,48.8,,0.0483364,0.272541,-0.224205,2.45126,23.25,21.8083,23.0583,277.667,42.1833,92.7642,60.8365,-0.619791,-2.15125,-2.38414,0.887641,-0.698502,,76.375,30.4419,30.1909,55.2319,363.557
2002,2002-03,102.315,48.6303,47.5301,5.14939e+11,3.80398,620,546,113.553,114,106,128,82.8125,82.8,,,,,82.8125,2588,50107.4,52695.4,17648.1,43618,61266.2,-15060.1,6489.4,-8570.7,33,109,82,7,48.3953,47.505,,0.0491124,0.288056,-0.238944,2.92464,27.5167,25.8583,27.5417,325.417,45.975,88.7525,62.4711,1.66647,0.671615,0.6597,2.42126,2.31645,,76.675,35.8874,35.92,59.9609,424.41
2003,2003-04,108.576,52.0999,47.9849,6.07701e+11,7.86038,672,545,123.303,123.3,114,132,86.3636,86.4,,,,,86.3636,3573.9,60404.6,63978.5,20599.1,57651.4,78250.5,-17025.2,2753.2,-14272,33,118,90,8,45.9516,43.445,,0.055861,0.263246,-0.207385,2.80158,28.9833,26.9,29.1083,377.667,51.0083,89.8092,65.0044,-0.483641,2.85397,0.942463,3.08574,2.14426,,80.95,35.804,35.9584,63.0121,466.543
2004,2004-05,99.2606,55.8475,56.2635,7.09153e+11,7.92294,732,663,110.407,110.4,131,157,83.4395,83.4,,,,,83.4395,7001.1,76750.9,83752,29858.3,81881.7,111740,-22857.2,-5130.8,-27988,34,123,96,9,44.9315,43.755,,0.0835932,0.267212,-0.183619,3.22317,42.2333,36.5333,41.2583,413.75,57.375,90.8692,68.3312,1.15931,-2.44609,0.796225,6.84553,2.78342,,85.675,49.2948,48.1568,66.9682,482.93
2005,2005-06,100.266,55.427,55.2802,8.20384e+11,7.92343,798,592,134.797,134.8,139,179,77.6536,77.7,,,,,77.6536,11616.2,91428.1,103044,43951.3,105233,149184,-32335.1,-13804.5,-46139.6,32,125,99,13,44.2735,44.605,,0.11273,0.294612,-0.181881,3.94146,58.0083,53.3917,57.0833,476.583,63.5,93.9192,71.169,-0.284563,-4.39713,1.41641,-1.87901,1.05838,,88.25,65.7318,64.6837,71.9547,540.038
2006,2006-07,100.526,58.5021,58.1961,9.4026e+11,8.06073,863,608,141.941,141.9,158,206,76.699,76.7,,,,,76.699,18634.6,107780,126414,66132.5,128676,194809,-47497.9,-20896.9,-68394.8,32,141,112,18,45.2495,43.595,,0.147409,0.339474,-0.192065,5.05157,64.4333,60.875,63.3417,628.5,78.975,92.5758,74.4823,-2.19371,-4.23947,1.47063,-8.81717,-0.931981,,91.275,70.5925,69.3965,86.5242,688.578
2007,2007-08,100.342,62.2243,62.0124,1.21674e+12,7.66082,939,575,163.304,163.3,166,210,79.0476,79,,,,,79.0476,28413.3,134719,163132,79779.9,171874,251654,-51366.5,-37155.3,-88521.8,32,150,122,22,40.2607,39.985,,0.174174,0.317022,-0.142849,4.22167,82.35,77.3083,80.6417,765.75,96.5167,99.4717,78.182,2.99317,-7.60397,0.0972437,8.78464,2.09883,,97.25,84.6787,82.922,99.2459,787.404
2008,2008-09,105.443,70.6992,67.0496,1.1989e+12,3.0867,,,,,194,239,81.1715,81.2,,,,,81.1715,27547,157748,185295,93671.7,210025,303696,-66124.8,-52276.2,-118401,31,158,133,19,45.9933,50.945,,0.148665,0.308439,-0.159773,5.51547,84.7,82.0917,84.1917,867.25,97.625,91.2217,75.1632,1.57243,11.6106,-9.00523,3.99388,-3.65888,,101.225,83.675,83.1728,96.4436,856.755
2009,2009-10,104.079,72.6142,69.7682,1.34189e+12,7.86189,,,,,196,215,91.1628,91.2,,,,,91.1628,28185.9,150566,178751,87135.9,201237,288373,-58949.9,-50671.5,-109621,31,186,159,15,47.4433,45.135,92.68,0.157682,0.302164,-0.144482,4.39306,69.775,69.5833,70,1023,88.3417,90.53,73.2552,1.5477,-2.39861,3.5879,8.13023,0.835793,,97.375,71.656,71.887,90.7231,1050.58
2010,2010-11,106.727,80.0281,74.9836,1.67562e+12,8.49758,,,,,223,243,91.7695,91.8,,,,,91.7695,36370.1,213445,249816,105964,263805,369769,-69594.2,-50359.4,-119954,36,196,164,17,45.5626,44.645,100.53,0.145588,0.286569,-0.140981,4.15335,86.7,84.2167,84.7,1294,107.583,100.062,78.8994,1.20874,-8.90376,0.569495,-1.59606,-0.254962,,102.75,84.3796,82.4331,104.704,1259.37
2011,2011-12,105.315,86.8665,82.4829,1.82305e+12,5.24132,,,,,268,425,63.0588,63.1,,,,,63.0588,56038.5,249925,305964,154968,334352,489320,-98929,-84426.6,-183356,36,204,172,16,47.9229,51.16,98.38,0.183154,0.3167,-0.133546,5.42657,114.383,109.958,107.192,1645.58,115.983,97.5167,82.0032,-0.338971,-2.6703,1.46003,3.1756,-2.76348,,110.8,103.234,96.7434,104.678,1485.18
2012,2012-13,103.929,92.552,89.0535,1.82764e+12,5.45639,,,,,284,459,61.8736,61.9,,,,,61.8736,60859.8,239541,300401,164041,326696,490737,-103181,-87155.3,-190336,36,218,185,16,54.4099,54.3893,94.19,0.202595,0.334274,-0.131679,5.64558,110.542,106.9,103.158,1654.42,108.675,91.6175,83.7435,0.129837,0.562052,-0.858948,-6.63842,1.32008,,110.1,100.401,93.6951,98.7057,1502.65
2013,2013-14,100.992,100.54,99.5516,1.85672e+12,6.38611,,,,,312,518,60.2317,60.2,111.6,108.3,103.047,103,63.759,63179.4,251236,314416,164770,285443,450214,-101591,-34207,-135798,36,221,189,17,60.5019,60.0998,92.13,0.200942,0.365982,-0.16504,5.47152,107.6,104.525,103.725,1327.25,99.0417,86.9083,86.2368,0.877741,-0.216984,0.393092,-0.879588,-2.21568,,109.425,98.3322,94.791,90.511,1212.93
2014,2014-15,98.9643,99.0206,100.057,2.03913e+12,7.41023,,,,,300,518,57.9151,57.9,108.6,99.8,108.818,108.8,67.3294,56794.1,253558,310352,138326,309708,448033,-81531.4,-56150,-137681,36,221,189,21,61.1436,62.5908,97.21,0.182999,0.308739,-0.12574,3.99835,85.45,83.625,83.225,1247,93.4333,92.48,88.7543,-3.86591,9.77297,0.00793177,-16.1817,-0.253578,,105.7,80.842,78.737,88.3948,1179.75
2015,2015-16,100,100,100,2.10359e+12,7.99625,,,,,372,518,71.8147,72,104,84.5,123.077,123.1,76.1522,30582.6,231708,262291,82944.5,298063,381008,-52361.7,-66354.9,-118717,35,232,203,29,65.4685,66.3329,99.97,0.116598,0.217698,-0.1011,2.48917,47.475,45.775,46.0333,1151.25,78.9083,96.5875,90.0816,-1.63335,5.60596,-1.40414,-6.98981,-0.244197,,96.925,48.9812,47.4938,81.4117,1187.77
2016,2016-17,101.586,102.937,101.329,2.2948e+12,8.25631,,,,,372,523,71.1281,71.1,107.6,87.7,122.691,122.6,75.9134,31545.3,244307,275102,86963.8,297393,384357,-55418.6,-53836.5,-109255,35,244,214,36,67.072,64.8386,101.8,0.114668,0.226258,-0.11159,2.41496,48.9917,46.7917,47.875,1258.5,81.6667,98.7317,91.8353,-0.093742,-3.75721,-1.47345,3.09897,1.61604,,94.825,51.6653,50.4877,86.1236,1327.18
2017,2017-18,106.661,107.215,100.519,2.65147e+12,6.79538,,,,,376,513,73.2943,73.3,110.4,92.2,119.74,119.8,74.0873,37424.8,265948,303373,108647,356066,464713,-71222.1,-90117.7,-161340,34,254,220,35,64.4549,65.0441,105.95,0.123362,0.233794,-0.110431,2.68613,57.6167,55.9,55.7333,1285,84.5333,101.997,95.1138,-1.19638,-6.94699,0.627891,15.1185,-9.60427,,98.45,58.5238,56.6108,85.8642,1305.23
2018,2018-19,101.897,112.332,110.24,2.70293e+12,6.45385,,,,,402,569,70.6503,71,123.9,108.8,113.879,113.9,70.4609,46553.6,283526,330080,140919,373131,514050,-94365.6,-89605.4,-183971,32,262,226,33,69.9229,69.1713,100.61,0.141038,0.274135,-0.133097,3.49123,70.1583,68.9833,67.325,1263.08,83.75,96.9042,97.2465,0.0451789,-1.58811,-0.410016,-2.2352,1.43339,,101.3,69.258,66.461,82.6752,1246.87
2019,2019-20,109.24,115.832,106.035,2.83561e+12,3.87144,,,,,,,,,124.8,102.9,121.283,121.3,75.0421,41288.7,272072,313288,130550,344159,474709,-89274,-72147.6,-161422,31,263,227,44,70.897,75.3859,103.22,0.131792,0.275011,-0.143219,3.14788,60.85,60.0083,58.55,1462.33,81.35,100.509,96.3807,-1.42533,6.99536,-5.79284,-12.1646,-4.83483,,99.1,61.4026,59.0817,82.0888,1475.61
2020,2020-21,114.345,123.067,107.628,2.67485e+12,-5.77772,,,,,,,,,140.3,105.5,132.986,133,82.2831,25804.4,266004,291808,82683.9,311752,394436,-56879.5,-45747.9,-102627,29,234,196,43,74.225,73.5047,103.61,0.0884292,0.209626,-0.121196,2.12645,44.8167,44.3833,43.8167,1823.83,89.8417,99.5525,94.3634,0.0838972,-18.2604,2.29677,-3.64948,1.28698,44.5508,100.775,44.472,43.4797,89.1507,1809.81
2021,2021-22,97.973,129.275,131.95,3.16727e+12,9.68959,,,,,,,,,143.8,133.7,107.554,107.6,66.5477,67471.7,354533,422004,161810,451242,613052,-94338.8,-96708.9,-191048,28,254,212,39,74.5039,75.8071,104.83,0.159884,0.263942,-0.104059,2.97855,80.05,78.05,78.4083,1818.5,118.417,100.28,101.013,5.51246,-6.28932,0.96658,34.655,-10.0027,78.8717,111.425,71.842,70.3687,106.275,1632.04
2022,2022-23,97.9308,145.703,148.781,3.24994e+12,7.60936,,,,,,,,,159.6,157.3,101.462,101.4,62.7783,97468.4,353602,451070,209418,506551,715969,-111950,-152949,-264899,28,267,233,45,80.3635,82.2169,102.92,0.216083,0.292496,-0.0764136,3.44467,95.45,92.8333,92.7167,1804.58,118.258,100.761,102.899,-2.97335,-0.454669,0.295001,-0.945953,-9.57856,,116.65,81.826,79.4828,101.379,1547.01
2023,2023-24,99.5328,149.299,150,3.50091e+12,7.21022,,,,,,,,,160.4,140.4,114.245,114.2,70.6875,84156.7,352915,437072,178733,495259,673992,-94576,-142344,-236920,27,276,234,49,82.7897,83.3739,103.86,0.192547,0.265185,-0.0726387,2.70147,83.05,82.4917,81.1417,1988.5,108.842,101.742,104.176,2.24721,-3.27247,-2.43389,-0.383392,0.188138,82.5148,114.35,72.6279,70.959,95.1829,1738.96
2024,2024-25,97.5537,151.757,155.562,3.76081e+12,7.09928,,,,,,,,,163.5,159.8,102.315,102.3,63.3063,63383.4,374321,437705,185779,535352,721132,-122396,-161031,-283427,26,284,243,51,84.5756,85.5814,105.41,0.144809,0.257622,-0.112813,3.25451,78.8417,78.1667,77.1417,2585.33,114.825,103.383,106.494,-0.802008,0.698022,1.10289,-7.86369,-0.0540494,78.5999,115.35,68.3499,66.8762,99.5449,2241.29
2025,2025-26,97.7523,156.228,159.82,3.95607e+12,7.56666,,,,,,,,,171.9,168,102.321,102.3,63.31,53828.1,387902,441730,173942,601036,774978,-120114,-213134,-333248,26,285,246,46,88.3071,94.6543,97.45,0.121857,0.224447,-0.10259,3.03619,70.2667,68.1333,67.8,3944.92,116.267,96.0192,109.723,,-12.3784,-2.10979,2.89543,-2.07176,70.6978,,,,,
2026,2026-27,,,,,,,,,,,,,,,,,,,,,,,,,,,,,,,,,,,,,,,,,,,,,,,,,,,,,,,,
