,count,mean,std,min,max
ToT goods & services (FY1970-2025),56.0,102.98926607142857,13.464390371538977,69.6555,131.564
ToT merchandise chained (FY1994-2025),32.0,81.34362812500001,15.057929342659909,61.8736,113.522
Real oil price (FY1970-2024),55.0,44.37864327272727,25.140883347736835,5.53191,96.7434
Real non-energy index (FY1970-2024),55.0,81.04735636363635,17.39657595066684,55.2319,121.566
Oil share of imports (FY1987-2025),39.0,0.26023802564102566,0.05053372657495147,0.150951,0.365982
Oil share of exports (FY1987-2025),39.0,0.09567809435897437,0.06868734758050551,0.00105642,0.216083
"Merchandise NTT, monthly",87.0,111.8801183908046,13.689166870044975,89.4498,163.229
"Export UVI, monthly",87.0,153.55968965517238,17.846333982414105,117.676,203.782
"Import UVI, monthly",87.0,139.98812298850575,27.165126399830495,93.7653,193.608
"Brent US$/bbl, monthly (Apr19-Jun26)",87.0,74.40459770114941,19.272023994586082,23.3,120.4
