window end FY,elasticity,se
1989,-0.29917632618488477,0.09270824018789968
1990,-0.30475918137206415,0.09063978363103949
1991,-0.3287242048138752,0.09127496106646696
1992,-0.3277450933240832,0.09136938121897949
1993,-0.32871628245039863,0.10182128710028937
1994,-0.25577549269662264,0.06116998920116867
1995,-0.25176045481537074,0.0663149170439058
1996,-0.2606191226954542,0.0716285856599153
1997,-0.26916340106684944,0.07600549988601363
1998,-0.2539136166567428,0.069213735564341
1999,-0.2953693137333108,0.051767475129311666
2000,-0.28723850336044054,0.04641315881516102
2001,-0.2832367572991622,0.05182315612287287
2002,-0.2925560846923758,0.056903328632421944
2003,-0.26662290487999374,0.04409357973062518
2004,-0.26872898190959876,0.040086364778213236
2005,-0.25718635799116835,0.03985744903950462
2006,-0.24636561530396484,0.053654388899175766
2007,-0.2429075685242716,0.05292519555311427
2008,-0.27029756551860756,0.056032465380174167
2009,-0.26827654422585245,0.05730291195008961
2010,-0.25491433055069884,0.0523983828193978
2011,-0.24294661609250018,0.05412321006723018
2012,-0.24079416976083556,0.056328268707001417
2013,-0.21148226948432097,0.05264053687661008
2014,-0.1898512635917936,0.04951930317794595
2015,-0.16182205933746197,0.04297705101029783
2016,-0.1517181589312047,0.042900202744160766
2017,-0.12091115956867318,0.03705475391917262
2018,-0.11866898493462133,0.03473399930835023
2019,-0.09857195079199349,0.04895125060786764
2020,-0.0984821576342241,0.045132776413190204
2021,-0.14978173452270327,0.06068223290316226
2022,-0.13896803134159635,0.06139677351540651
2023,-0.1333948187153035,0.05844953439132631
2024,-0.11057435795660593,0.0616788782532494
