Year,Economy,Economy Label,Index,Index Label,Index Base 2015,Index Base 2015 Footnote,Index Base 2015 Missing value
2005,356,India,1,Value index of exports,37.1769,,
2005,356,India,2,Value index of imports,36.2493,,
2005,356,India,3,Volume index of exports,45.7388,,
2005,356,India,4,Volume index of imports,38.2938,,
2005,356,India,5,Unit value index of exports,81.2809,,
2005,356,India,6,Unit value index of imports,94.661,,
2005,356,India,7,Terms of trade index,85.8653,,
2005,356,India,8,Purchasing power index of exports,39.2737,,
2006,356,India,1,Value index of exports,45.4589,,
2006,356,India,2,Value index of imports,45.2666,,
2006,356,India,3,Volume index of exports,51.1226,,
2006,356,India,4,Volume index of imports,42.6581,,
2006,356,India,5,Unit value index of exports,88.9214,,
2006,356,India,6,Unit value index of imports,106.115,,
2006,356,India,7,Terms of trade index,83.7972,,
2006,356,India,8,Purchasing power index of exports,42.8393,,
2007,356,India,1,Value index of exports,56.0395,,
2007,356,India,2,Value index of imports,58.1963,,
2007,356,India,3,Volume index of exports,58.5701,,
2007,356,India,4,Volume index of imports,48.5334,,
2007,356,India,5,Unit value index of exports,95.6794,,
2007,356,India,6,Unit value index of imports,119.9099,,
2007,356,India,7,Terms of trade index,79.7927,,
2007,356,India,8,Purchasing power index of exports,46.7347,,
2008,356,India,1,Value index of exports,72.7103,,
2008,356,India,2,Value index of imports,81.4529,,
2008,356,India,3,Volume index of exports,68.5245,,
2008,356,India,4,Volume index of imports,61.252,,
2008,356,India,5,Unit value index of exports,106.1084,,
2008,356,India,6,Unit value index of imports,132.9801,,
2008,356,India,7,Terms of trade index,79.7927,,
2008,356,India,8,Purchasing power index of exports,54.6776,,
2009,356,India,1,Value index of exports,61.5443,,
2009,356,India,2,Value index of imports,65.258,,
2009,356,India,3,Volume index of exports,64.4459,,
2009,356,India,4,Volume index of imports,63.4845,,
2009,356,India,5,Unit value index of exports,95.4976,,
2009,356,India,6,Unit value index of imports,102.7936,,
2009,356,India,7,Terms of trade index,92.9023,,
2009,356,India,8,Purchasing power index of exports,59.8717,,
2010,356,India,1,Value index of exports,84.4748,,
2010,356,India,2,Value index of imports,88.8619,,
2010,356,India,3,Volume index of exports,81.0051,,
2010,356,India,4,Volume index of imports,77.8801,,
2010,356,India,5,Unit value index of exports,104.2834,,
2010,356,India,6,Unit value index of imports,114.1009,,
2010,356,India,7,Terms of trade index,91.3957,,
2010,356,India,8,Purchasing power index of exports,74.0352,,
2011,356,India,1,Value index of exports,113.0449,,
2011,356,India,2,Value index of imports,117.8445,,
2011,356,India,3,Volume index of exports,93.1286,,
2011,356,India,4,Volume index of imports,85.4267,,
2011,356,India,5,Unit value index of exports,121.3858,,
2011,356,India,6,Unit value index of imports,137.948,,
2011,356,India,7,Terms of trade index,87.9939,,
2011,356,India,8,Purchasing power index of exports,81.9475,,
2012,356,India,1,Value index of exports,110.7769,,
2012,356,India,2,Value index of imports,124.2464,,
2012,356,India,3,Volume index of exports,91.443,,
2012,356,India,4,Volume index of imports,90.3385,,
2012,356,India,5,Unit value index of exports,121.1431,,
2012,356,India,6,Unit value index of imports,137.5342,,
2012,356,India,7,Terms of trade index,88.0822,,
2012,356,India,8,Purchasing power index of exports,80.545,,
2013,356,India,1,Value index of exports,117.5018,,
2013,356,India,2,Value index of imports,118.0817,,
2013,356,India,3,Volume index of exports,99.1761,,
2013,356,India,4,Volume index of imports,90.0905,,
2013,356,India,5,Unit value index of exports,118.4779,,
2013,356,India,6,Unit value index of imports,131.0701,,
2013,356,India,7,Terms of trade index,90.3928,,
2013,356,India,8,Purchasing power index of exports,89.6481,,
2014,356,India,1,Value index of exports,120.4299,,
2014,356,India,2,Value index of imports,117.4506,,
2014,356,India,3,Volume index of exports,104.1833,,
2014,356,India,4,Volume index of imports,93.212,,
2014,356,India,5,Unit value index of exports,115.5943,,
2014,356,India,6,Unit value index of imports,126.0037,,
2014,356,India,7,Terms of trade index,91.7388,,
2014,356,India,8,Purchasing power index of exports,95.5765,,
2015,356,India,1,Value index of exports,100,,
2015,356,India,2,Value index of imports,100,,
2015,356,India,3,Volume index of exports,100,,
2015,356,India,4,Volume index of imports,100,,
2015,356,India,5,Unit value index of exports,100,,
2015,356,India,6,Unit value index of imports,100,,
2015,356,India,7,Terms of trade index,100,,
2015,356,India,8,Purchasing power index of exports,100,,
2016,356,India,1,Value index of exports,98.7277,,
2016,356,India,2,Value index of imports,91.7584,,
2016,356,India,3,Volume index of exports,101.9502,,
2016,356,India,4,Volume index of imports,99.5377,,
2016,356,India,5,Unit value index of exports,96.8391,,
2016,356,India,6,Unit value index of imports,92.1846,,
2016,356,India,7,Terms of trade index,105.0492,,
2016,356,India,8,Purchasing power index of exports,107.0979,,
2017,356,India,1,Value index of exports,111.6775,,
2017,356,India,2,Value index of imports,114.1561,,
2017,356,India,3,Volume index of exports,110.3071,,
2017,356,India,4,Volume index of imports,113.2533,,
2017,356,India,5,Unit value index of exports,101.2423,,
2017,356,India,6,Unit value index of imports,100.7971,,
2017,356,India,7,Terms of trade index,100.4417,,
2017,356,India,8,Purchasing power index of exports,110.7943,,
2018,356,India,1,Value index of exports,121.208,,
2018,356,India,2,Value index of imports,130.5311,,
2018,356,India,3,Volume index of exports,115.6989,,
2018,356,India,4,Volume index of imports,119.054,,
2018,356,India,5,Unit value index of exports,104.7616,,
2018,356,India,6,Unit value index of imports,109.6402,,
2018,356,India,7,Terms of trade index,95.5503,,
2018,356,India,8,Purchasing power index of exports,110.5506,,
2019,356,India,1,Value index of exports,121.0442,,
2019,356,India,2,Value index of imports,123.324,,
2019,356,India,3,Volume index of exports,119.235,,
2019,356,India,4,Volume index of imports,118.9525,,
2019,356,India,5,Unit value index of exports,101.5174,,
2019,356,India,6,Unit value index of imports,103.675,,
2019,356,India,7,Terms of trade index,97.9188,,
2019,356,India,8,Purchasing power index of exports,116.7535,,
2020,356,India,1,Value index of exports,103.1569,,
2020,356,India,2,Value index of imports,94.6898,,
2020,356,India,3,Volume index of exports,105.7069,,
2020,356,India,4,Volume index of imports,100.055,,
2020,356,India,5,Unit value index of exports,97.5877,,
2020,356,India,6,Unit value index of imports,94.6377,,
2020,356,India,7,Terms of trade index,103.1171,,
2020,356,India,8,Purchasing power index of exports,109.0019,,
2021,356,India,1,Value index of exports,147.5737,,
2021,356,India,2,Value index of imports,145.4064,,
2021,356,India,3,Volume index of exports,129.1701,,
2021,356,India,4,Volume index of imports,115.881,,
2021,356,India,5,Unit value index of exports,114.2476,,
2021,356,India,6,Unit value index of imports,125.4791,,
2021,356,India,7,Terms of trade index,91.0491,,
2021,356,India,8,Purchasing power index of exports,117.6082,,
2022,356,India,1,Value index of exports,169.2153,,
2022,356,India,2,Value index of imports,182.7922,,
2022,356,India,3,Volume index of exports,130.2391,,
2022,356,India,4,Volume index of imports,114.5323,,
2022,356,India,5,Unit value index of exports,129.9266,,
2022,356,India,6,Unit value index of imports,159.5988,,
2022,356,India,7,Terms of trade index,81.4083,,
2022,356,India,8,Purchasing power index of exports,106.0254,,
2023,356,India,1,Value index of exports,161.0587,,
2023,356,India,2,Value index of imports,170.9909,,
2023,356,India,3,Volume index of exports,133.464,,
2023,356,India,4,Volume index of imports,124.0327,,
2023,356,India,5,Unit value index of exports,120.6757,,
2023,356,India,6,Unit value index of imports,137.8595,,
2023,356,India,7,Terms of trade index,87.5353,,
2023,356,India,8,Purchasing power index of exports,116.8281,,
2024,356,India,1,Value index of exports,165.2858,,
2024,356,India,2,Value index of imports,182.2448,,
2024,356,India,3,Volume index of exports,138.1363,,
2024,356,India,4,Volume index of imports,139.0063,,
2024,356,India,5,Unit value index of exports,119.6541,,
2024,356,India,6,Unit value index of imports,131.1054,,
2024,356,India,7,Terms of trade index,91.2656,,
2024,356,India,8,Purchasing power index of exports,126.0709,,
2025,356,India,1,Value index of exports,166.1788,,
2025,356,India,2,Value index of imports,191.175,,
2025,356,India,3,Volume index of exports,141.717,,
2025,356,India,4,Volume index of imports,150.794,,
2025,356,India,5,Unit value index of exports,117.2611,,
2025,356,India,6,Unit value index of imports,126.7789,,
2025,356,India,7,Terms of trade index,92.4926,,
2025,356,India,8,Purchasing power index of exports,131.0776,,
